[
  {
    "model": "students.student",
    "pk": 1,
    "fields": {
      "name": "bmk5cc",
      "major": "Computer Science",
      "year": 4,
      "gpa": "3.90",
      "departments": [1],
      "courses": [
        1,
        4,
        5,
        6
      ]
    }
  },
  {
    "model": "students.student",
    "pk": 2,
    "fields": {
      "name": "ak4jd",
      "major": "Computer Science",
      "year": 4,
      "gpa": "3.7",
      "departments": [1],
      "courses": [1, 4, 5, 6, 9]
    }
  },
  {
    "model": "students.student",
    "pk": 3,
    "fields": {
      "name": "Mike Wang",
      "major": "Computer Engineering, Electrical Engineering",
      "year": 4,
      "gpa": "4",
      "departments": [4,5],
      "courses": [1, 4, 5, 6, 9]
    }
  },
  {
    "model": "students.professor",
    "pk": 1,
    "fields": {
      "name": "Nathan Brunelle",
      "rating": 5,
      "department": 1,
      "courses": [
        1,
        7
      ]
    }
  },
  {
    "model": "students.professor",
    "pk": 2,
    "fields": {
      "name": "Craig Dill",
      "rating": 5,
      "department": 1,
      "courses": [
        1
      ]
    }
  },
  {
    "model": "students.professor",
    "pk": 3,
    "fields": {
      "name": "Luther Tychonievich",
      "rating": 5,
      "department": 1,
      "courses": [
        1
      ]
    }
  },
  {
    "model": "students.professor",
    "pk": 4,
    "fields": {
      "name": "Upsorn Praphamontripong",
      "rating": 5,
      "department": 1,
      "courses": [
        2
      ]
    }
  },
  {
    "model": "students.professor",
    "pk": 5,
    "fields": {
      "name": "James Cohoon",
      "rating": 5,
      "department": 1,
      "courses": [
        3
      ]
    }
  },
  {
    "model": "students.professor",
    "pk": 6,
    "fields": {
      "name": "Kevin Sullivan",
      "rating": 5,
      "department": 1,
      "courses": [
        4
      ]
    }
  },
  {
    "model": "students.professor",
    "pk": 7,
    "fields": {
      "name": "Raymond Pettit",
      "rating": 5,
      "department": 1,
      "courses": [
        4,
        5
      ]
    }
  },
  {
    "model": "students.professor",
    "pk": 8,
    "fields": {
      "name": "Derrick Stone",
      "rating": 5,
      "department": 1,
      "courses": [
        5
      ]
    }
  },
  {
    "model": "students.professor",
    "pk": 9,
    "fields": {
      "name": "Nada Basit",
      "rating": 5,
      "department": 1,
      "courses": [
        5
      ]
    }
  },
  {
    "model": "students.professor",
    "pk": 10,
    "fields": {
      "name": "John Hott",
      "rating": 5,
      "department": 1,
      "courses": [
        5
      ]
    }
  },
  {
    "model": "students.professor",
    "pk": 11,
    "fields": {
      "name": "Aaron Bloomfield",
      "rating": 5,
      "department": 1,
      "courses": [
        6
      ]
    }
  },
  {
    "model": "students.professor",
    "pk": 12,
    "fields": {
      "name": "Mark Sherriff",
      "rating": 5,
      "department": 1,
      "courses": [
        8
      ]
    }
  },
  {
    "model": "students.professor",
    "pk": 13,
    "fields": {
      "name": "Charles Reiss",
      "rating": 5,
      "department": 1,
      "courses": [
        9,
        11
      ]
    }
  },
  {
    "model": "students.professor",
    "pk": 14,
    "fields": {
      "name": "Ashish Venkat",
      "rating": 5,
      "department": 1,
      "courses": [
        9
      ]
    }
  },
  {
    "model": "students.professor",
    "pk": 15,
    "fields": {
      "name": "Yonghwi Kwon",
      "rating": 5,
      "department": 1,
      "courses": [
        11
      ]
    }
  },
  {
    "model": "students.job",
    "pk": 1,
    "fields": {
      "title": "Software Development Engineer",
      "company": "Google",
      "courses": []
    }
  },
  {
    "model": "students.job",
    "pk": 2,
    "fields": {
      "title": "Software Development Engineer in Test",
      "company": "Amazon",
      "courses": []
    }
  },
  {
    "model": "students.job",
    "pk": 3,
    "fields": {
      "title": "Web Frontend",
      "company": "Apple",
      "courses": []
    }
  },
  {
    "model": "students.job",
    "pk": 4,
    "fields": {
      "title": "Machine Learning Scientist",
      "company": "Airbnb",
      "courses": []
    }
  },
  {
    "model": "students.job",
    "pk": 5,
    "fields": {
      "title": "Data Scientist",
      "company": "Facebook",
      "courses": []
    }
  },
  {
    "model": "students.job",
    "pk": 6,
    "fields": {
      "title": "Network Engineer",
      "company": "Cisco",
      "courses": []
    }
  },
  {
    "model": "students.job",
    "pk": 7,
    "fields": {
      "title": "Hardware Engineer",
      "company": "Google",
      "courses": []
    }
  },
  {
    "model": "students.job",
    "pk": 8,
    "fields": {
      "title": "Software Development Engineer",
      "company": "Google",
      "courses": []
    }
  },
  {
    "model": "students.course",
    "pk": 1,
    "fields": {
      "name": "CS 1110",
      "major": "Computer Science",
      "difficulty": "3",
      "skills": "Programming, Python",
      "prereqs": []
    }
  },
  {
    "model": "students.course",
    "pk": 2,
    "fields": {
      "name": "CS 1111",
      "major": "Computer Science",
      "difficulty": "3",
      "skills": "Programming, Python",
      "prereqs": []
    }
  },
  {
    "model": "students.course",
    "pk": 3,
    "fields": {
      "name": "CS 1112",
      "major": "Computer Science",
      "difficulty": "3",
      "skills": "Programming, Python",
      "prereqs": []
    }
  },
  {
    "model": "students.course",
    "pk": 4,
    "fields": {
      "name": "CS 2102",
      "major": "Computer Science",
      "difficulty": "3",
      "skills": "Discrete Math, Problem Solving",
      "prereqs": [1]
    }
  },
  {
    "model": "students.course",
    "pk": 5,
    "fields": {
      "name": "CS 2110",
      "major": "Computer Science",
      "difficulty": "3",
      "skills": "Programming, Java, Problem Solving",
      "prereqs": [1]
    }
  },
  {
    "model": "students.course",
    "pk": 6,
    "fields": {
      "name": "CS 2150",
      "major": "Computer Science",
      "difficulty": "3",
      "skills": "Programming, C++, Data Structures, Assembly",
      "prereqs": [4,5]
    }
  },
  {
    "model": "students.course",
    "pk": 7,
    "fields": {
      "name": "CS 3102",
      "major": "Computer Science",
      "difficulty": "3",
      "skills": "Grammars, Finite State Machines, Pushdown Automata, Turing Machines",
      "prereqs": [4,5]
    }
  },
  {
    "model": "students.course",
    "pk": 8,
    "fields": {
      "name": "CS 3240",
      "major": "Computer Science",
      "difficulty": "3",
      "skills": "Software Engineering, Django, Scrum, Web Development",
      "prereqs": [6]
    }
  },
  {
    "model": "students.course",
    "pk": 9,
    "fields": {
      "name": "CS 3330",
      "major": "Computer Science",
      "difficulty": "3",
      "skills": "C, Assembly, ISAs, Processor Design, Virtual Memory, Computer Architecture",
      "prereqs": [6]
    }
  },
  {
    "model": "students.course",
    "pk": 10,
    "fields": {
      "name": "CS 4102",
      "major": "Computer Science",
      "difficulty": "3",
      "skills": "Algorithms, Problem Solving, Data Structures, Dynamic Programming, Search, Sort",
      "prereqs": [6]
    }
  },
  {
    "model": "students.course",
    "pk": 11,
    "fields": {
      "name": "CS 4414",
      "major": "Computer Science",
      "difficulty": "3",
      "skills": "Process Communication, Synchronization, Resource Management, File Systems, Operating Systems",
      "prereqs": [6,10]
    }
  },
  {
    "model": "students.department",
    "pk": 1,
    "fields": {
      "name": "Computer Science"
    }
  },
  {
    "model": "students.department",
    "pk": 2,
    "fields": {
      "name": "Civil Engineering"
    }
  },
  {
    "model": "students.department",
    "pk": 3,
    "fields": {
      "name": "Systems Engineering"
    }
  },
  {
    "model": "students.department",
    "pk": 4,
    "fields": {
      "name": "Electrical Engineering"
    }
  },
  {
    "model": "students.department",
    "pk": 5,
    "fields": {
      "name": "Computer Engineering"
    }
  },
  {
    "model": "students.department",
    "pk": 6,
    "fields": {
      "name": "Biomedical Engineering"
    }
  },
  {
    "model": "students.department",
    "pk": 7,
    "fields": {
      "name": "Mechanical Engineering"
    }
  }
]
