[
  {
    "model": "contenttypes.contenttype",
    "pk": 1,
    "fields": {
      "app_label": "admin",
      "model": "logentry"
    }
  },
  {
    "model": "contenttypes.contenttype",
    "pk": 2,
    "fields": {
      "app_label": "auth",
      "model": "permission"
    }
  },
  {
    "model": "contenttypes.contenttype",
    "pk": 3,
    "fields": {
      "app_label": "auth",
      "model": "group"
    }
  },
  {
    "model": "contenttypes.contenttype",
    "pk": 4,
    "fields": {
      "app_label": "auth",
      "model": "user"
    }
  },
  {
    "model": "contenttypes.contenttype",
    "pk": 5,
    "fields": {
      "app_label": "contenttypes",
      "model": "contenttype"
    }
  },
  {
    "model": "contenttypes.contenttype",
    "pk": 6,
    "fields": {
      "app_label": "sessions",
      "model": "session"
    }
  },
  {
    "model": "contenttypes.contenttype",
    "pk": 7,
    "fields": {
      "app_label": "students",
      "model": "course"
    }
  },
  {
    "model": "contenttypes.contenttype",
    "pk": 8,
    "fields": {
      "app_label": "students",
      "model": "department"
    }
  },
  {
    "model": "contenttypes.contenttype",
    "pk": 9,
    "fields": {
      "app_label": "students",
      "model": "job"
    }
  },
  {
    "model": "contenttypes.contenttype",
    "pk": 10,
    "fields": {
      "app_label": "students",
      "model": "professor"
    }
  },
  {
    "model": "contenttypes.contenttype",
    "pk": 11,
    "fields": {
      "app_label": "students",
      "model": "student"
    }
  },
  {
    "model": "contenttypes.contenttype",
    "pk": 12,
    "fields": {
      "app_label": "social_django",
      "model": "association"
    }
  },
  {
    "model": "contenttypes.contenttype",
    "pk": 13,
    "fields": {
      "app_label": "social_django",
      "model": "code"
    }
  },
  {
    "model": "contenttypes.contenttype",
    "pk": 14,
    "fields": {
      "app_label": "social_django",
      "model": "nonce"
    }
  },
  {
    "model": "contenttypes.contenttype",
    "pk": 15,
    "fields": {
      "app_label": "social_django",
      "model": "usersocialauth"
    }
  },
  {
    "model": "contenttypes.contenttype",
    "pk": 16,
    "fields": {
      "app_label": "social_django",
      "model": "partial"
    }
  },
  {
    "model": "sessions.session",
    "pk": "29y9l6x355nwq99gx77znpw8evqtkj94",
    "fields": {
      "session_data": "ZTMwYWJiNGExMTI1MTBkNDliNjE2ZjMxMDI2ZGQ0YzY5YjkyYjcyNjp7Imdvb2dsZS1vYXV0aDJfc3RhdGUiOiJYRlJZM1BlQmpRU1VSVWVWTzBOTFlOOEVBN2lsR0gyMCIsIl9hdXRoX3VzZXJfaWQiOiIxIiwiX2F1dGhfdXNlcl9iYWNrZW5kIjoic29jaWFsX2NvcmUuYmFja2VuZHMuZ29vZ2xlLkdvb2dsZU9BdXRoMiIsIl9hdXRoX3VzZXJfaGFzaCI6ImY0NTViYzU5ZDRkZjk0YmIzNDFlMjg3NWY2MDhiNjM2MmJlY2JlM2YiLCJzb2NpYWxfYXV0aF9sYXN0X2xvZ2luX2JhY2tlbmQiOiJnb29nbGUtb2F1dGgyIn0=",
      "expire_date": "2018-12-03T04:45:15.516Z"
    }
  },
  {
    "model": "sessions.session",
    "pk": "cknbb6rlebyp3fpreraqix3g4xta9co9",
    "fields": {
      "session_data": "MGVjYmYwNDIyNjhiZjcwOTdhNmI2MzkxMDBkYzVjMjA3ZjJjMDVlOTp7Imdvb2dsZS1vYXV0aDJfc3RhdGUiOiJWOW1xZzYweDJieHJSUURoY2RQUzFZbWQxSG9LZEJmVSIsIl9hdXRoX3VzZXJfaWQiOiIxIiwiX2F1dGhfdXNlcl9iYWNrZW5kIjoic29jaWFsX2NvcmUuYmFja2VuZHMuZ29vZ2xlLkdvb2dsZU9BdXRoMiIsIl9hdXRoX3VzZXJfaGFzaCI6ImY0NTViYzU5ZDRkZjk0YmIzNDFlMjg3NWY2MDhiNjM2MmJlY2JlM2YiLCJzb2NpYWxfYXV0aF9sYXN0X2xvZ2luX2JhY2tlbmQiOiJnb29nbGUtb2F1dGgyIn0=",
      "expire_date": "2018-12-05T05:34:38.873Z"
    }
  },
  {
    "model": "students.student",
    "pk": 1,
    "fields": {
      "name": "bmk5cc",
      "major": "Computer Science",
      "year": 4,
      "gpa": "3.90",
      "departments": [
        1
      ],
      "courses": [
        1,
        4,
        5,
        6
      ]
    }
  },
  {
    "model": "students.student",
    "pk": 2,
    "fields": {
      "name": "ak4jd",
      "major": "Computer Science",
      "year": 4,
      "gpa": "3.70",
      "departments": [
        1
      ],
      "courses": [
        1,
        4,
        5,
        6,
        9
      ]
    }
  },
  {
    "model": "students.student",
    "pk": 3,
    "fields": {
      "name": "zw4dn",
      "major": "Computer Engineering, Electrical Engineering",
      "year": 4,
      "gpa": "4.00",
      "departments": [
        4,
        5
      ],
      "courses": [
        1,
        4,
        5,
        6,
        9
      ]
    }
  },
  {
    "model": "students.student",
    "pk": 4,
    "fields": {
      "name": "Brian King",
      "major": "Computer Science",
      "year": 4,
      "gpa": "3.90",
      "departments": [],
      "courses": []
    }
  },
  {
    "model": "students.professor",
    "pk": 1,
    "fields": {
      "name": "Nathan Brunelle",
      "rating": 5,
      "department": 1,
      "courses": [
        1,
        7
      ]
    }
  },
  {
    "model": "students.professor",
    "pk": 2,
    "fields": {
      "name": "Craig Dill",
      "rating": 5,
      "department": 1,
      "courses": [
        1
      ]
    }
  },
  {
    "model": "students.professor",
    "pk": 3,
    "fields": {
      "name": "Luther Tychonievich",
      "rating": 5,
      "department": 1,
      "courses": [
        1
      ]
    }
  },
  {
    "model": "students.professor",
    "pk": 4,
    "fields": {
      "name": "Upsorn Praphamontripong",
      "rating": 5,
      "department": 1,
      "courses": [
        2,
        12
      ]
    }
  },
  {
    "model": "students.professor",
    "pk": 5,
    "fields": {
      "name": "James Cohoon",
      "rating": 5,
      "department": 1,
      "courses": [
        3
      ]
    }
  },
  {
    "model": "students.professor",
    "pk": 6,
    "fields": {
      "name": "Kevin Sullivan",
      "rating": 5,
      "department": 1,
      "courses": [
        4
      ]
    }
  },
  {
    "model": "students.professor",
    "pk": 7,
    "fields": {
      "name": "Raymond Pettit",
      "rating": 5,
      "department": 1,
      "courses": [
        4,
        5
      ]
    }
  },
  {
    "model": "students.professor",
    "pk": 8,
    "fields": {
      "name": "Derrick Stone",
      "rating": 5,
      "department": 1,
      "courses": [
        5
      ]
    }
  },
  {
    "model": "students.professor",
    "pk": 9,
    "fields": {
      "name": "Nada Basit",
      "rating": 5,
      "department": 1,
      "courses": [
        5
      ]
    }
  },
  {
    "model": "students.professor",
    "pk": 10,
    "fields": {
      "name": "John Hott",
      "rating": 5,
      "department": 1,
      "courses": [
        5
      ]
    }
  },
  {
    "model": "students.professor",
    "pk": 11,
    "fields": {
      "name": "Aaron Bloomfield",
      "rating": 5,
      "department": 1,
      "courses": [
        6
      ]
    }
  },
  {
    "model": "students.professor",
    "pk": 12,
    "fields": {
      "name": "Mark Sherriff",
      "rating": 5,
      "department": 1,
      "courses": [
        8
      ]
    }
  },
  {
    "model": "students.professor",
    "pk": 13,
    "fields": {
      "name": "Charles Reiss",
      "rating": 5,
      "department": 1,
      "courses": [
        9,
        11
      ]
    }
  },
  {
    "model": "students.professor",
    "pk": 14,
    "fields": {
      "name": "Ashish Venkat",
      "rating": 5,
      "department": 1,
      "courses": [
        9
      ]
    }
  },
  {
    "model": "students.professor",
    "pk": 15,
    "fields": {
      "name": "Yonghwi Kwon",
      "rating": 5,
      "department": 1,
      "courses": [
        11
      ]
    }
  },
  {
    "model": "students.job",
    "pk": 1,
    "fields": {
      "title": "Software Development Engineer",
      "company": "Google",
      "courses": [4,6,12]
    }
  },
  {
    "model": "students.job",
    "pk": 2,
    "fields": {
      "title": "Software Development Engineer in Test",
      "company": "Amazon",
      "courses": [4,6,12]
    }
  },
  {
    "model": "students.job",
    "pk": 3,
    "fields": {
      "title": "Web Frontend",
      "company": "Apple",
      "courses": [12]
    }
  },
  {
    "model": "students.job",
    "pk": 4,
    "fields": {
      "title": "Machine Learning Scientist",
      "company": "Airbnb",
      "courses": [4,6]
    }
  },
  {
    "model": "students.job",
    "pk": 5,
    "fields": {
      "title": "Data Scientist",
      "company": "Facebook",
      "courses": [12]
    }
  },
  {
    "model": "students.job",
    "pk": 6,
    "fields": {
      "title": "Network Engineer",
      "company": "Cisco",
      "courses": [4,6]
    }
  },
  {
    "model": "students.job",
    "pk": 7,
    "fields": {
      "title": "Hardware Engineer",
      "company": "Google",
      "courses": [4,6,9]
    }
  },
  {
    "model": "students.job",
    "pk": 8,
    "fields": {
      "title": "Software Development Engineer",
      "company": "Google",
      "courses": [4,6,12]
    }
  },
  {
    "model": "students.course",
    "pk": 1,
    "fields": {
      "name": "CS 1110",
      "major": "Computer Science",
      "difficulty": "3.33",
      "skills": "Programming, Python",
      "prereqs": []
    }
  },
  {
    "model": "students.course",
    "pk": 2,
    "fields": {
      "name": "CS 1111",
      "major": "Computer Science",
      "difficulty": "3.65",
      "skills": "Programming, Python",
      "prereqs": []
    }
  },
  {
    "model": "students.course",
    "pk": 3,
    "fields": {
      "name": "CS 1112",
      "major": "Computer Science",
      "difficulty": "3.35",
      "skills": "Programming, Python",
      "prereqs": []
    }
  },
  {
    "model": "students.course",
    "pk": 4,
    "fields": {
      "name": "CS 2102",
      "major": "Computer Science",
      "difficulty": "3.09",
      "skills": "Discrete Math, Problem Solving",
      "prereqs": [
        1
      ]
    }
  },
  {
    "model": "students.course",
    "pk": 5,
    "fields": {
      "name": "CS 2110",
      "major": "Computer Science",
      "difficulty": "3.57",
      "skills": "Programming, Java, Problem Solving",
      "prereqs": [
        1
      ]
    }
  },
  {
    "model": "students.course",
    "pk": 6,
    "fields": {
      "name": "CS 2150",
      "major": "Computer Science",
      "difficulty": "2.9",
      "skills": "Programming, C++, Data Structures, Assembly",
      "prereqs": [
        4,
        5
      ]
    }
  },
  {
    "model": "students.course",
    "pk": 7,
    "fields": {
      "name": "CS 3102",
      "major": "Computer Science",
      "difficulty": "3.24",
      "skills": "Grammars, Finite State Machines, Pushdown Automata, Turing Machines",
      "prereqs": [
        4,
        5
      ]
    }
  },
  {
    "model": "students.course",
    "pk": 8,
    "fields": {
      "name": "CS 3240",
      "major": "Computer Science",
      "difficulty": "3.63",
      "skills": "Software Engineering, Django, Scrum, Web Development",
      "prereqs": [
        6
      ]
    }
  },
  {
    "model": "students.course",
    "pk": 9,
    "fields": {
      "name": "CS 3330",
      "major": "Computer Science",
      "difficulty": "3.06",
      "skills": "C, Assembly, ISAs, Processor Design, Virtual Memory, Computer Architecture",
      "prereqs": [
        6
      ]
    }
  },
  {
    "model": "students.course",
    "pk": 10,
    "fields": {
      "name": "CS 4102",
      "major": "Computer Science",
      "difficulty": "3.26",
      "skills": "Algorithms, Problem Solving, Data Structures, Dynamic Programming, Search, Sort",
      "prereqs": [
        6
      ]
    }
  },
  {
    "model": "students.course",
    "pk": 11,
    "fields": {
      "name": "CS 4414",
      "major": "Computer Science",
      "difficulty": "2.54",
      "skills": "Process Communication, Synchronization, Resource Management, File Systems, Operating Systems",
      "prereqs": [
        6,
        9
      ]
    }
  },
  {
    "model": "students.course",
    "pk": 12,
    "fields": {
      "name": "CS 4640",
      "major": "Computer Science",
      "difficulty": "3.47",
      "skills": "HTML, PHP, Servlet, CSS, SQL, Databases, Javascript, Java, Web Development",
      "prereqs": [
        6
      ]
    }
  },
  {
    "model": "students.department",
    "pk": 1,
    "fields": {
      "name": "Computer Science"
    }
  },
  {
    "model": "students.department",
    "pk": 2,
    "fields": {
      "name": "Civil Engineering"
    }
  },
  {
    "model": "students.department",
    "pk": 3,
    "fields": {
      "name": "Systems Engineering"
    }
  },
  {
    "model": "students.department",
    "pk": 4,
    "fields": {
      "name": "Electrical Engineering"
    }
  },
  {
    "model": "students.department",
    "pk": 5,
    "fields": {
      "name": "Computer Engineering"
    }
  },
  {
    "model": "students.department",
    "pk": 6,
    "fields": {
      "name": "Biomedical Engineering"
    }
  },
  {
    "model": "students.department",
    "pk": 7,
    "fields": {
      "name": "Mechanical Engineering"
    }
  },
  {
    "model": "auth.permission",
    "pk": 1,
    "fields": {
      "name": "Can add log entry",
      "content_type": 1,
      "codename": "add_logentry"
    }
  },
  {
    "model": "auth.permission",
    "pk": 2,
    "fields": {
      "name": "Can change log entry",
      "content_type": 1,
      "codename": "change_logentry"
    }
  },
  {
    "model": "auth.permission",
    "pk": 3,
    "fields": {
      "name": "Can delete log entry",
      "content_type": 1,
      "codename": "delete_logentry"
    }
  },
  {
    "model": "auth.permission",
    "pk": 4,
    "fields": {
      "name": "Can view log entry",
      "content_type": 1,
      "codename": "view_logentry"
    }
  },
  {
    "model": "auth.permission",
    "pk": 5,
    "fields": {
      "name": "Can add permission",
      "content_type": 2,
      "codename": "add_permission"
    }
  },
  {
    "model": "auth.permission",
    "pk": 6,
    "fields": {
      "name": "Can change permission",
      "content_type": 2,
      "codename": "change_permission"
    }
  },
  {
    "model": "auth.permission",
    "pk": 7,
    "fields": {
      "name": "Can delete permission",
      "content_type": 2,
      "codename": "delete_permission"
    }
  },
  {
    "model": "auth.permission",
    "pk": 8,
    "fields": {
      "name": "Can view permission",
      "content_type": 2,
      "codename": "view_permission"
    }
  },
  {
    "model": "auth.permission",
    "pk": 9,
    "fields": {
      "name": "Can add group",
      "content_type": 3,
      "codename": "add_group"
    }
  },
  {
    "model": "auth.permission",
    "pk": 10,
    "fields": {
      "name": "Can change group",
      "content_type": 3,
      "codename": "change_group"
    }
  },
  {
    "model": "auth.permission",
    "pk": 11,
    "fields": {
      "name": "Can delete group",
      "content_type": 3,
      "codename": "delete_group"
    }
  },
  {
    "model": "auth.permission",
    "pk": 12,
    "fields": {
      "name": "Can view group",
      "content_type": 3,
      "codename": "view_group"
    }
  },
  {
    "model": "auth.permission",
    "pk": 13,
    "fields": {
      "name": "Can add user",
      "content_type": 4,
      "codename": "add_user"
    }
  },
  {
    "model": "auth.permission",
    "pk": 14,
    "fields": {
      "name": "Can change user",
      "content_type": 4,
      "codename": "change_user"
    }
  },
  {
    "model": "auth.permission",
    "pk": 15,
    "fields": {
      "name": "Can delete user",
      "content_type": 4,
      "codename": "delete_user"
    }
  },
  {
    "model": "auth.permission",
    "pk": 16,
    "fields": {
      "name": "Can view user",
      "content_type": 4,
      "codename": "view_user"
    }
  },
  {
    "model": "auth.permission",
    "pk": 17,
    "fields": {
      "name": "Can add content type",
      "content_type": 5,
      "codename": "add_contenttype"
    }
  },
  {
    "model": "auth.permission",
    "pk": 18,
    "fields": {
      "name": "Can change content type",
      "content_type": 5,
      "codename": "change_contenttype"
    }
  },
  {
    "model": "auth.permission",
    "pk": 19,
    "fields": {
      "name": "Can delete content type",
      "content_type": 5,
      "codename": "delete_contenttype"
    }
  },
  {
    "model": "auth.permission",
    "pk": 20,
    "fields": {
      "name": "Can view content type",
      "content_type": 5,
      "codename": "view_contenttype"
    }
  },
  {
    "model": "auth.permission",
    "pk": 21,
    "fields": {
      "name": "Can add session",
      "content_type": 6,
      "codename": "add_session"
    }
  },
  {
    "model": "auth.permission",
    "pk": 22,
    "fields": {
      "name": "Can change session",
      "content_type": 6,
      "codename": "change_session"
    }
  },
  {
    "model": "auth.permission",
    "pk": 23,
    "fields": {
      "name": "Can delete session",
      "content_type": 6,
      "codename": "delete_session"
    }
  },
  {
    "model": "auth.permission",
    "pk": 24,
    "fields": {
      "name": "Can view session",
      "content_type": 6,
      "codename": "view_session"
    }
  },
  {
    "model": "auth.permission",
    "pk": 25,
    "fields": {
      "name": "Can add course",
      "content_type": 7,
      "codename": "add_course"
    }
  },
  {
    "model": "auth.permission",
    "pk": 26,
    "fields": {
      "name": "Can change course",
      "content_type": 7,
      "codename": "change_course"
    }
  },
  {
    "model": "auth.permission",
    "pk": 27,
    "fields": {
      "name": "Can delete course",
      "content_type": 7,
      "codename": "delete_course"
    }
  },
  {
    "model": "auth.permission",
    "pk": 28,
    "fields": {
      "name": "Can view course",
      "content_type": 7,
      "codename": "view_course"
    }
  },
  {
    "model": "auth.permission",
    "pk": 29,
    "fields": {
      "name": "Can add department",
      "content_type": 8,
      "codename": "add_department"
    }
  },
  {
    "model": "auth.permission",
    "pk": 30,
    "fields": {
      "name": "Can change department",
      "content_type": 8,
      "codename": "change_department"
    }
  },
  {
    "model": "auth.permission",
    "pk": 31,
    "fields": {
      "name": "Can delete department",
      "content_type": 8,
      "codename": "delete_department"
    }
  },
  {
    "model": "auth.permission",
    "pk": 32,
    "fields": {
      "name": "Can view department",
      "content_type": 8,
      "codename": "view_department"
    }
  },
  {
    "model": "auth.permission",
    "pk": 33,
    "fields": {
      "name": "Can add job",
      "content_type": 9,
      "codename": "add_job"
    }
  },
  {
    "model": "auth.permission",
    "pk": 34,
    "fields": {
      "name": "Can change job",
      "content_type": 9,
      "codename": "change_job"
    }
  },
  {
    "model": "auth.permission",
    "pk": 35,
    "fields": {
      "name": "Can delete job",
      "content_type": 9,
      "codename": "delete_job"
    }
  },
  {
    "model": "auth.permission",
    "pk": 36,
    "fields": {
      "name": "Can view job",
      "content_type": 9,
      "codename": "view_job"
    }
  },
  {
    "model": "auth.permission",
    "pk": 37,
    "fields": {
      "name": "Can add professor",
      "content_type": 10,
      "codename": "add_professor"
    }
  },
  {
    "model": "auth.permission",
    "pk": 38,
    "fields": {
      "name": "Can change professor",
      "content_type": 10,
      "codename": "change_professor"
    }
  },
  {
    "model": "auth.permission",
    "pk": 39,
    "fields": {
      "name": "Can delete professor",
      "content_type": 10,
      "codename": "delete_professor"
    }
  },
  {
    "model": "auth.permission",
    "pk": 40,
    "fields": {
      "name": "Can view professor",
      "content_type": 10,
      "codename": "view_professor"
    }
  },
  {
    "model": "auth.permission",
    "pk": 41,
    "fields": {
      "name": "Can add student",
      "content_type": 11,
      "codename": "add_student"
    }
  },
  {
    "model": "auth.permission",
    "pk": 42,
    "fields": {
      "name": "Can change student",
      "content_type": 11,
      "codename": "change_student"
    }
  },
  {
    "model": "auth.permission",
    "pk": 43,
    "fields": {
      "name": "Can delete student",
      "content_type": 11,
      "codename": "delete_student"
    }
  },
  {
    "model": "auth.permission",
    "pk": 44,
    "fields": {
      "name": "Can view student",
      "content_type": 11,
      "codename": "view_student"
    }
  },
  {
    "model": "auth.permission",
    "pk": 45,
    "fields": {
      "name": "Can add association",
      "content_type": 12,
      "codename": "add_association"
    }
  },
  {
    "model": "auth.permission",
    "pk": 46,
    "fields": {
      "name": "Can change association",
      "content_type": 12,
      "codename": "change_association"
    }
  },
  {
    "model": "auth.permission",
    "pk": 47,
    "fields": {
      "name": "Can delete association",
      "content_type": 12,
      "codename": "delete_association"
    }
  },
  {
    "model": "auth.permission",
    "pk": 48,
    "fields": {
      "name": "Can view association",
      "content_type": 12,
      "codename": "view_association"
    }
  },
  {
    "model": "auth.permission",
    "pk": 49,
    "fields": {
      "name": "Can add code",
      "content_type": 13,
      "codename": "add_code"
    }
  },
  {
    "model": "auth.permission",
    "pk": 50,
    "fields": {
      "name": "Can change code",
      "content_type": 13,
      "codename": "change_code"
    }
  },
  {
    "model": "auth.permission",
    "pk": 51,
    "fields": {
      "name": "Can delete code",
      "content_type": 13,
      "codename": "delete_code"
    }
  },
  {
    "model": "auth.permission",
    "pk": 52,
    "fields": {
      "name": "Can view code",
      "content_type": 13,
      "codename": "view_code"
    }
  },
  {
    "model": "auth.permission",
    "pk": 53,
    "fields": {
      "name": "Can add nonce",
      "content_type": 14,
      "codename": "add_nonce"
    }
  },
  {
    "model": "auth.permission",
    "pk": 54,
    "fields": {
      "name": "Can change nonce",
      "content_type": 14,
      "codename": "change_nonce"
    }
  },
  {
    "model": "auth.permission",
    "pk": 55,
    "fields": {
      "name": "Can delete nonce",
      "content_type": 14,
      "codename": "delete_nonce"
    }
  },
  {
    "model": "auth.permission",
    "pk": 56,
    "fields": {
      "name": "Can view nonce",
      "content_type": 14,
      "codename": "view_nonce"
    }
  },
  {
    "model": "auth.permission",
    "pk": 57,
    "fields": {
      "name": "Can add user social auth",
      "content_type": 15,
      "codename": "add_usersocialauth"
    }
  },
  {
    "model": "auth.permission",
    "pk": 58,
    "fields": {
      "name": "Can change user social auth",
      "content_type": 15,
      "codename": "change_usersocialauth"
    }
  },
  {
    "model": "auth.permission",
    "pk": 59,
    "fields": {
      "name": "Can delete user social auth",
      "content_type": 15,
      "codename": "delete_usersocialauth"
    }
  },
  {
    "model": "auth.permission",
    "pk": 60,
    "fields": {
      "name": "Can view user social auth",
      "content_type": 15,
      "codename": "view_usersocialauth"
    }
  },
  {
    "model": "auth.permission",
    "pk": 61,
    "fields": {
      "name": "Can add partial",
      "content_type": 16,
      "codename": "add_partial"
    }
  },
  {
    "model": "auth.permission",
    "pk": 62,
    "fields": {
      "name": "Can change partial",
      "content_type": 16,
      "codename": "change_partial"
    }
  },
  {
    "model": "auth.permission",
    "pk": 63,
    "fields": {
      "name": "Can delete partial",
      "content_type": 16,
      "codename": "delete_partial"
    }
  },
  {
    "model": "auth.permission",
    "pk": 64,
    "fields": {
      "name": "Can view partial",
      "content_type": 16,
      "codename": "view_partial"
    }
  },
  {
    "model": "auth.user",
    "pk": 1,
    "fields": {
      "password": "!2kSZc6ThKNOTQApNCsqyFkkKKoF89MTdbJ2n1nW9",
      "last_login": "2018-11-21T05:34:38.843Z",
      "is_superuser": false,
      "username": "bmk5cc",
      "first_name": "brian",
      "last_name": "king",
      "email": "bmk5cc@virginia.edu",
      "is_staff": false,
      "is_active": true,
      "date_joined": "2018-11-19T04:45:15.368Z",
      "groups": [],
      "user_permissions": []
    }
  },
  {
    "model": "auth.user",
    "pk": 2,
    "fields": {
      "password": "!aIBqP3WyScsJg7RY6au2dH0JpNVRmwWDKoZNZSLc",
      "last_login": "2018-11-21T05:34:09.643Z",
      "is_superuser": false,
      "username": "ak4jd",
      "first_name": "andrew",
      "last_name": "king",
      "email": "ak4jd@virginia.edu",
      "is_staff": false,
      "is_active": true,
      "date_joined": "2018-11-21T05:34:09.518Z",
      "groups": [],
      "user_permissions": []
    }
  },
  {
    "model": "social_django.usersocialauth",
    "pk": 1,
    "fields": {
      "user": 1,
      "provider": "google-oauth2",
      "uid": "bmk5cc@virginia.edu",
      "extra_data": "{\"auth_time\": 1542778478, \"expires\": 3600, \"token_type\": \"Bearer\", \"access_token\": \"ya29.GlxbBjUhj74ooeEPEeoVGVQmie4wDUOYFBZ5PH7PUJDBCwLJOOyeeW-gRTYsIuvNYHD4qecij4C5eYLLmlPNKZR3eJpTnvELh89pEDN5LqdEOaPL7kVExf1LriFRBw\"}"
    }
  },
  {
    "model": "social_django.usersocialauth",
    "pk": 2,
    "fields": {
      "user": 2,
      "provider": "google-oauth2",
      "uid": "ak4jd@virginia.edu",
      "extra_data": "{\"auth_time\": 1542778449, \"expires\": 3600, \"token_type\": \"Bearer\", \"access_token\": \"ya29.GltbBioJe0jKbv8UAu6xLF9fEg2Eepi5nrMAcQRIdchGwxGAWI3lh48lmLdzuF5em0PKvf4hz8EbsGgHLRj3fZQZsGkxRnq2w1QtfotH6XNFn1Ye0M5iQbTwSdQo\"}"
    }
  }
]
